<?xml version="1.0" encoding="utf-8"?>
<Defs>

  <!--<HediffDef Name="PS_HediffDefs_BotchBase" Abstract="True">
    <hediffClass>Hediff_Injury</hediffClass>
    <tendable>false</tendable>
    <displayWound>true</displayWound>
    <labelNounPretty>{0} in the {1}</labelNounPretty>
  </HediffDef>

  <HediffDef ParentName="PS_HediffDefs_BotchBase">
    <defName>PS_HediffDefs_BotchedLaryngoplasty</defName>
    <label>botched laryngoplasty</label>
    <labelNoun>a botched laryngoplasty</labelNoun>
    <comps>
      <li Class="HediffCompProperties_TendDuration">
        <labelTendedWell>bandaged</labelTendedWell>
        <labelTendedWellInner>sutured</labelTendedWellInner>
        <labelSolidTendedWell>set</labelSolidTendedWell>
      </li>
      <li Class="HediffCompProperties_GetsPermanent">
        <permanentLabel>scar</permanentLabel>
      </li>
    </comps>
    <injuryProps>
      <painPerSeverity>0.0125</painPerSeverity>
      <bleedRate>0.06</bleedRate>
      <canMerge>false</canMerge>
      <destroyedLabel>Destroyed</destroyedLabel>
    </injuryProps>
  </HediffDef>-->


  <HediffDef ParentName="DiseaseBase">
    <defName>PS_HediffDefs_BotchedLaryngoplasty</defName>
    <label>botched laryngoplasty</label>
    <defaultLabelColor>(0.65, 0.3, 0.9)</defaultLabelColor>
    <stages>
      <li>
        <painOffset>0.15</painOffset>
        <capMods>
          <li>
            <capacity>Talking</capacity>
            <offset>-1</offset>
          </li>
        </capMods>
      </li>
    </stages>
  </HediffDef>

  <!--<HediffDef ParentName="AddedBodyPartBase">
    <defName>PS_Hediff_HadPlasteelSurgery</defName>
    <label>plasteel surgery</label>
    <labelNoun>plasteel surgery</labelNoun>
    <addedPartProps>
      <solid>false</solid>
      <partEfficiency>1.0</partEfficiency>
      <betterThanNatural>true</betterThanNatural>
    </addedPartProps>
  </HediffDef>-->
</Defs>